Channel,Video Title,Best Match Attempt,Match Score
Digital Board Gamer,"How to play Heat - Tunnel Vision, Newest expasion to BGA.",Earth,60
Digital Board Gamer,"It's Back, this Loved Game is Back to BGA in Beta.",The Wolves,60
Digital Board Gamer,New to BGA: Tacta — Is It Worth Your Time?,Iye,67
Digital Board Gamer,How to Play Habitats on BGA.,Hanabi,67
Digital Board Gamer,BGA Awards 2026 Winners,Faraway,57
Digital Board Gamer,New to BGA: Cartographers Heroes — How to Play on BGA.,A.E.R.O.,75
Digital Board Gamer,Good Fortune – How to Play Tutorial (Board Game Arena),Get on Board,67
Digital Board Gamer,Reef Gardens – How to Play Tutorial (Board Game Arena),Get on Board,67
Digital Board Gamer,New to BGA: Ghosts Galore — Is It Worth Your Time? How to Play On BGA,Iye,67
Digital Board Gamer,Top 5 in 5 | January 2026 — Best New Games on Board Game Arena From Jan 2026.,Get on Board,83
Digital Board Gamer,How to Play Postcards on BGA,Stone Age,59
Digital Board Gamer,New to BGA: Tembo — Survival on the Savanna. How to play on BGA,Revive,67
Digital Board Gamer,Which Dice Tower Host Has the Most Top 100 Games on BGA? Take 2!,Iye,67
Digital Board Gamer,Beyond BGA: 12 Digital Board Games I Found at Steam's Board Game Fest,Pandemic: The Board Game,70
Digital Board Gamer,New to BGA: Pili-Pili — Is It Worth Your Time?,Iye,67
Digital Board Gamer,Ghosts Galore: Easy How to Play Tutorial,Sushi Go!,62
Digital Board Gamer,My Top 10 Board Game Arena Games of 2025,Earth,60
Digital Board Gamer,2026 Board Game Arena Awards Overview + My Picks for 2025,Iye,67
Digital Board Gamer,How to Play Pili-Pili on BGA (Quick Rules Overview),Iye,67
Digital Board Gamer,New to BGA: Booty Dice — Is It Worth Your Time?,Iye,67
Digital Board Gamer,The Hottest and Not-So-Hot Games of 2025 on Board Game Arena,Get on Board,75
Digital Board Gamer,New to BGA: Agent Avenue — Is It Worth Your Time?,Iye,67
Digital Board Gamer,Cry Baby (Chouineurs) – How to Play This Clever Trick-Taking Game,Iye,67
Digital Board Gamer,New to BGA: Popcorn — Is It Worth Your Time?,Iye,67
Digital Board Gamer,Top 20 Most Played Games of All Time on BGA.,Iye,67
Digital Board Gamer,New to BGA: Texas Hold’em — Is It Worth Your Time?,Iye,67
Digital Board Gamer,New to BGA: Formula D — Is It Worth Your Time?,Iye,67
Digital Board Gamer,New to BGA: Junk Drawer — Is It Worth Your Time?,Iye,67
Digital Board Gamer,New to BGA: Reforest — Is It Worth Your Time?,Iye,67
Digital Board Gamer,New to BGA: Azure — Is It Worth Your Time?,Azul,75
Digital Board Gamer,New to BGA: Ticket to Ride — Map Collection #2 (India & Switzerland) — Is It Worth Your Time?,Ticket to Ride: Europe,76
Digital Board Gamer,New to BGA: Choconnect — Is It Worth Your Time?,Iye,67
Digital Board Gamer,New to BGA: Concordia (Ranked top 30 on BGG)— Is It Worth Your Time?,Iye,67
Digital Board Gamer,New to BGA: Cathood — Is It Worth Your Time?,Iye,67
Digital Board Gamer,New to BGA: Tsukuru 10-Ten — Is It Worth Your Time?,Iye,67
Digital Board Gamer,New to BGA: Up or Down — Is It Worth Your Time?,Iye,67
Digital Board Gamer,New to BGA: Trench — Is It Worth Your Time?,Iye,67
Digital Board Gamer,New to BGA: Don’t Let It Die — Is It Worth Your Time?,Iye,67
Digital Board Gamer,New to BGA: Cookie Addict — Is It Worth Your Time?,Iye,67
Digital Board Gamer,New to BGA: Cóatl — Is It Worth Your Time? How to Play and Review.,Coatl,80
Digital Board Gamer,New to BGA. Medu  a quick Abstract Duel on BGA.,Get on Board,64
Digital Board Gamer,New to BGA — Quattuor Reges/4 Kings - Intense 2-Player Abstract Strategy Duel,Iye,67
Digital Board Gamer,New to BGA — Irish Gauge (1 hour Train Game),Hutan,60
Digital Board Gamer,What’s New to BGA — Nature,Let's Go to Japan,56
Digital Board Gamer,What’s New to BGA — Carson City (Classic Wild-West City-Building & Worker Placement),A.E.R.O.,75
Digital Board Gamer,What’s New to BGA — Belladone Bluff,Beer & Bread,64
Digital Board Gamer,What’s New to BGA — Matchstick Tycoon,Flip Toons,60
Digital Board Gamer,What’s New to BGA — Dragon Eclipse: Mystling Academy – Peare vs Arboro,Ark Nova,62
Digital Board Gamer,Expansion for a BGG Top 300 Game + Winter of Games Preview Week In Review,Revive,83
Digital Board Gamer,Agent Avenue: How to Play on BGA  in 3 Minutes,Cities,67
Digital Board Gamer, New to BGA| Elongo,Stone Age,56
Digital Board Gamer,New Ticket to Ride Map Vote + This Week on BGA,Ticket to Ride: Europe,76
Digital Board Gamer,Top Hot & Not Games of October 2025 | What’s Trending on BGA,Miams,60
Digital Board Gamer,New to BGA: Aquatica — Underwater Engine-Builder -,Dewan,80
Digital Board Gamer,What’s New to BGA: Galactic Cruise — Build the Ultimate Space Vacation Company,Iye,67
Digital Board Gamer,New to BGA: Beyond - How to Play,Stone Age,56
Digital Board Gamer,New Expansion for a Top 300 Game! | BGA Week in Review,Dewan,60
Digital Board Gamer,Top 5 New Games on BGA – October 2025,Get on Board,67
Digital Board Gamer,New on BGA: Tag Team — Fast 2-Player Deck builder/Auto-Battler,Iye,67
Digital Board Gamer,What’s New to BGA: King of the Woods — How to play,The Wolves,74
Digital Board Gamer,BGA’s Newest Heavy Hitter (#26 Overall!) | Week in Review,Asteria,57
Digital Board Gamer,How to Play Map Master – Versus Mode on BGA,Asteria,71
Digital Board Gamer,What’s New to BGA: Yaxha - How to Play and Review,Let's Go to Japan,56
Digital Board Gamer,New to BGA: Qwinto How to Play and Review,Tokaido,57
Digital Board Gamer,Final Update + Two Essen Hits to Try on BGA!,The Wolves,70
Digital Board Gamer,How Many Dice Tower Top 100 Games Are on BGA?,Iye,67
Digital Board Gamer,"What’s New to BGA Ubongo, How to Play On BGA.",Get on Board,58
Digital Board Gamer,How to Play Last Droids on BGA,Lost Ruins of Arnak,61
Digital Board Gamer,6 Board Game Demos You Should Try from Steam Next Fest!,Sky Team,62
Digital Board Gamer,What’s New to BGA: Legions How to Play (Legions Abyss Universe),Gizmos,67
Digital Board Gamer,BGA Week in Review – A Real-Time Only Game?!,Star Realms,64
Digital Board Gamer,5 New Games on BGA This Week – One’s Already in the BGG's Top 400!,Get on Board,67
Digital Board Gamer,Top 5 Must-Play NEW Games of September 2025 on BGA. Re-upload due to mistake,Miams,60
Game-Night with Saisha,How to Play LODGE – A Brilliant Strategic Game!,Can't Stop,67
Game-Night with Saisha,Ghosts Galore - How to Play in 4 Mins!,Yinsh,67
Game-Night with Saisha,Tembo - How to Play in 9 Mins | Board Game Arena!,Get on Board,67
Game-Night with Saisha,Digit Code - Relaxing Solo Playthrough | Perfect for winding down ₊˚.🎧 ✩｡☕ 🤎,A Feast for Odin,69
Game-Night with Saisha,Pili Pili - How to Play in 2 Mins | Board Game Arena!,Get on Board,67
Game-Night with Saisha,Cartographers - Relaxing Solo Playthrough | Perfect for winding down ₊˚.🎧 ✩｡☕ 🤎,A.E.R.O.,75
Game-Night with Saisha,Pyrotechnics - How to Play in 5 Mins | Board Game Arena!,Get on Board,67
Game-Night with Saisha,I played 33 Board Games in a week!,Iye,67
Game-Night with Saisha,Tacta - How to Play in 2 Mins | Board Game Arena,Get on Board,67
Game-Night with Saisha,Booty Dice - How to Play in 1 Minute!,Iye,67
Game-Night with Saisha,Top 10 Board Games of 2025 | Board Game Arena Edition!,Blood Rage,60
Game-Night with Saisha,GridL - Official How to Play | 6 Mins!,Yinsh,67
Game-Night with Saisha,Popcorn - How to Play on Board Game Arena,Get on Board,75
Game-Night with Saisha,Go to India's biggest convention with Me - TTOX,Just One,75
Game-Night with Saisha,Monster Smash  - How to Play on Board Game Arena | 4 Mins,Get on Board,75
Game-Night with Saisha,Medu -  How to Play on Board Game Arena | 3 Mins,Get on Board,75
Game-Night with Saisha,Moonlight - How to Play on Board Game Arena | 6 Mins!,Get on Board,83
Game-Night with Saisha,Azure - How to Play on Board Game Arena | 8 Mins,Get on Board,83
Game-Night with Saisha,My Top 10 Space Themed Board Games!,Pandemic: The Board Game,78
Game-Night with Saisha,Biomes of Nilgiris - How to Play on Board Game Arena in 14 Mins!,Get on Board,75
Game-Night with Saisha,PAX Unplugged Top 3 Games | Quick Preview,Revive,83
Game-Night with Saisha,Aquatica - How to Play on Board Game Arena | BGA,Get on Board,75
Game-Night with Saisha,Tag Team - How To Play in 6 Minutes! | BGA,Cities,67
Game-Night with Saisha,The King of the Woods - How To Play on Board Game Arena | 4 minutes,Get on Board,75
Game-Night with Saisha,Ubongo - How to Play on BGA | 2 Minutes!,Cities,67
Game-Night with Saisha,The last Droids - How to Play with Examples! | BGA | Board Game Arena,Get on Board,67
Game-Night with Saisha,Legions Abyss Universe | How to Play on BGA,Iye,67
Game-Night with Saisha,Junk Drawer - Relaxing Solo Playthrough | Perfect for winding down ₊˚.🎧 ✩｡☕ 🤎,A.E.R.O.,75
Game-Night with Saisha,Junk Drawer - How to Play on Board Game Arena,Get on Board,75
Game-Night with Saisha,Schotten Totten - How to Play on Board Game Arena,Get on Board,75
Game-Night with Saisha,Pergola - How to Play on Board Game Arena,Get on Board,75
Game-Night with Saisha,Pergola - Relaxing Solo Playthrough | Perfect for winding down ₊˚.🎧 ✩｡☕ 🤎,A Feast for Odin,69
Game-Night with Saisha,Misty in 4 Minutes - How to Play on Board Game Arena,Get on Board,75
Game-Night with Saisha,Carpniches Board Game on Board Game Arena - How To Play,Get on Board,83
Game-Night with Saisha,Cake Master on Board Game Arena | How To Play,Get on Board,83
Game-Night with Saisha,How to Play  - Sir Ocelot's Cave on Board Game Arena,Get on Board,83
Game-Night with Saisha,We played ALL new Board Games of April 2025 on Board Game Arena!,Get on Board,75
Game-Night with Saisha,Paper World - How to Play on Board Game Arena,Get on Board,75
Game-Night with Saisha,Leaders - How to Play on Board Game Arena,Get on Board,75
Game-Night with Saisha,This Game is Easy Peasy | Board Game Arena!,Get on Board,67
Game-Night with Saisha,Most Adorable Game on Board Game Arena!,Get on Board,83
Game-Night with Saisha,Flip 7 - How To Play on Board Game Arena,Get on Board,75
Game-Night with Saisha,Toy Battle - How To Play on Board Game Arena,Get on Board,83
Game-Night with Saisha,Top 14 Two-Player on Board Game Arena,Get on Board,83
Game-Night with Saisha,Umbrella - How To Play on Board Game Arena,Get on Board,75
Game-Night with Saisha,Eternitium : The TIME TRAVEL Board Game of Eternal Life!,Iye,67
Game-Night with Saisha,Coloretto - How to Play on Board Game Arena,Get on Board,75
Game-Night with Saisha,Takenokolor -  How to Play & Playthrough on Board Game Arena,Get on Board,75
Peaky Boardgamer,PDX Master the Airways -1 minute Overview - Peaky Boardgamer,Earth,80
Peaky Boardgamer,PDX Master the Airways + Visuals - Peaky Boardgamer,Earth,80
Peaky Boardgamer,Terrorscape 2 game overview - Upcoming Gamefound - Peaky Boardgamer,A.E.R.O.,75
Peaky Boardgamer,How to play Iron Curtain + Visuals - Peaky Boardgamer,A.E.R.O.,75
Peaky Boardgamer,El Grande -1 minute Overview - Peaky Boardgamer,A.E.R.O.,75
Peaky Boardgamer,How to play Tekhenu : Obelisk of the Sun + Visuals - Peaky Boardgamer,A.E.R.O.,75
Peaky Boardgamer,Tekhenu: Obelisk of the Sun -1 minute Overview - Peaky Boardgamer,A.E.R.O.,75
Peaky Boardgamer,How to play Fate : Defenders of Grimheim + Visuals - Peaky Boardgamer,A.E.R.O.,75
Peaky Boardgamer,Fate : Defenders of Grimheim -1 minute Overview - Peaky Boardgamer,A.E.R.O.,75
Peaky Boardgamer,How to play Red Dog Junction + Visuals - Peaky Boardgamer,A.E.R.O.,75
Peaky Boardgamer,Red Dog Junction -1 minute Overview - Peaky Boardgamer,A.E.R.O.,75
Peaky Boardgamer,How to play Katmai : The bears of Brook River + Visuals - Peaky Boardgamer,A.E.R.O.,75
Peaky Boardgamer,Katmai : The bears of Brook River -1 minute Overview - Peaky Boardgamer,A.E.R.O.,75
Peaky Boardgamer,How to play Starcraft the boardgame + Brood War exp  + Visuals - Peaky Boardgamer,A.E.R.O.,75
Peaky Boardgamer,StarCraft & Brood War Expansion -1 minute Overview - Peaky Boardgamer,A.E.R.O.,75
Peaky Boardgamer,How to play Mlem : Space Agency - Full teach + Visuals - Peaky Boardgamer,Space Base,80
Peaky Boardgamer,Mlem : Space Agency -1 minute Overview - Peaky Boardgamer,Space Base,80
Peaky Boardgamer,How to play SETI - Full teach + Alien Species explanation + Visuals - Peaky Boardgamer,A.E.R.O.,75
Peaky Boardgamer,Seti -1 minute Overview - Peaky Boardgamer,A.E.R.O.,75
Peaky Boardgamer,How to play Daitoshi - Full teach + Visuals - Peaky Boardgamer,A.E.R.O.,75
Peaky Boardgamer,Daitoshi -1 minute Overview - Peaky Boardgamer,A.E.R.O.,75
Peaky Boardgamer,How to play Intarsia - Full teach + Visuals - Peaky Boardgamer,A.E.R.O.,75
Peaky Boardgamer,Intarsia -1 minute Overview - Peaky Boardgamer,A.E.R.O.,75
Peaky Boardgamer,How to play Saltfjord - Full teach + Visuals - Peaky Boardgamer,A.E.R.O.,75
Peaky Boardgamer,Saltfjord -1 minute Overview - Peaky Boardgamer,A.E.R.O.,75
Peaky Boardgamer,How to play Inside Job - Full teach + Visuals - Peaky Boardgamer,A.E.R.O.,75
Peaky Boardgamer,How to play Ironwood - Full teach + Visuals - Peaky Boardgamer,A.E.R.O.,75
Peaky Boardgamer,Ironwood -1 minute Overview - Peaky Boardgamer,A.E.R.O.,75
Peaky Boardgamer,Halls of Hegra -1 minute Overview - Peaky Boardgamer,A.E.R.O.,75
Peaky Boardgamer,How to play Flatiron - Full teach - Peaky Boardgamer,A.E.R.O.,75
Peaky Boardgamer,Flatiron -1 minute Overview - Peaky Boardgamer,A.E.R.O.,75
Peaky Boardgamer,Shackleton Base -1 minute Overview - Peaky Boardgamer,A.E.R.O.,75
Peaky Boardgamer,How to play Shackleton Base - Full teach + Visuals - Peaky Boardgamer,A.E.R.O.,75
Peaky Boardgamer,Worldbreakers: Advent of the Khanate -1 minute Overview - Peaky Boardgamer,A.E.R.O.,75
Peaky Boardgamer,How to play Deep Shelf - Full teach + visuals - Peaky Boardgamer,A.E.R.O.,75
Peaky Boardgamer,Deep Shelf -1 minute Overview - Peaky Boardgamer,A.E.R.O.,75
Peaky Boardgamer,How to play Explorers of Navoria + Forgoten lands exp - Full teach - Peaky Boardgamer,A.E.R.O.,75
Peaky Boardgamer,Explorers of Navoria -1 minute Overview - Peaky Boardgamer,A.E.R.O.,75
Peaky Boardgamer,Terrorscape -1 minute Overview - Peaky Boardgamer,A.E.R.O.,75
Peaky Boardgamer,How to play Meadow: Adventure book expansion - Full teach + Visuals - Peaky Boardgamer,A.E.R.O.,75
Peaky Boardgamer,How to play Space Freight - Full teach + Visuals - Peaky Boardgamer,A.E.R.O.,75
Peaky Boardgamer,Space Freight -1 minute Overview - Peaky Boardgamer,A.E.R.O.,75
Peaky Boardgamer,Anachrony -1 minute Overview - Peaky Boardgamer,A.E.R.O.,75
Peaky Boardgamer,How to play Anachrony - Full teach + Visuals - Peaky Boardgamer,A.E.R.O.,75
Peaky Boardgamer,Circadians: First Light -1 minute Overview - Peaky Boardgamer,A.E.R.O.,75
Peaky Boardgamer,How to play Tulip & Rose boardgame - Full teach + Visuals - Peaky Boardgamer,A.E.R.O.,75
Peaky Boardgamer,Historica Arcanum: Cults of London -1 minute Overview - Peaky Boardgamer,A.E.R.O.,75
Peaky Boardgamer,How to play Nippon - Full teach + All factories explained - Peaky Boardgamer,A.E.R.O.,75
Peaky Boardgamer,Nippon -1 minute Overview - Peaky Boardgamer,A.E.R.O.,75
Peaky Boardgamer,How to play Dragonkeepers boardgame - Full teach + Visuals - Peaky Boardgamer,A.E.R.O.,75
Peaky Boardgamer,Tulip & Rose -1 minute Overview - Peaky Boardgamer,A.E.R.O.,75
Peaky Boardgamer,How to play Kingdom Legacy: Feudal Kingdom  - Peaky Boardgamer,A.E.R.O.,75
Peaky Boardgamer,How to play Crossing Oceans boardgame - Full teach + Visuals - Peaky Boardgamer,A.E.R.O.,75
Peaky Boardgamer,Crossing Oceans -1 minute Overview - Peaky Boardgamer,A.E.R.O.,75
Peaky Boardgamer,How to play Epochs : Cult of Cultures boardgame - Full teach + Visuals - Peaky Boardgamer,A.E.R.O.,75
Peaky Boardgamer,Epochs Course of Cultures -1 minute Overview - Peaky Boardgamer,A.E.R.O.,75
Peaky Boardgamer,How to play Scout boardgame - Full teach + Visuals - Peaky Boardgamer,A.E.R.O.,75
Peaky Boardgamer,How to play Madeira boardgame - Full teach + Visuals - Peaky Boardgamer,A.E.R.O.,75
Peaky Boardgamer,Madeira -1 minute Overview - Peaky Boardgamer,A.E.R.O.,75
Peaky Boardgamer,How to play Concordia Venus boardgame - Full teach + Visuals - Peaky Boardgamer,A.E.R.O.,75
Peaky Boardgamer,How to play Furnace boardgame - Full teach + Visuals - Peaky Boardgamer,A.E.R.O.,75
Peaky Boardgamer,Concordia Venus -1 minute Overview - Peaky Boardgamer,A.E.R.O.,75
Peaky Boardgamer,How to play Pioneer Rails boardgame - Full teach + Visuals - Peaky Boardgamer,A.E.R.O.,75
Peaky Boardgamer,How to play Age of Rome boardgame - Full teach + Visuals - Peaky Boardgamer,A.E.R.O.,75
Peaky Boardgamer,How to play Architects of the West Kingdom boardgame - Full teach + Visuals - Peaky Boardgamer,Kingdomino,80
Peaky Boardgamer,Architects of the West Kingdom -1 minute Overview - Peaky Boardgamer,A.E.R.O.,75
Peaky Boardgamer,How to play Scholars of the South Tigris boardgame - Full teach + Visuals - Peaky Boardgamer,A.E.R.O.,75
Peaky Boardgamer,Scholars of the South Tigris -1 minute Overview - Peaky Boardgamer,A.E.R.O.,75
Peaky Boardgamer,How to play Great Western Trail : Second edition boardgame - Full teach + Visuals - Peaky Boardgamer,Get on Board,75
Peaky Boardgamer,Great Western Trail : Second edition -1 minute Overview - Peaky Boardgamer,A.E.R.O.,75
Peaky Boardgamer,Age of Innovation -1 minute Overview - Peaky Boardgamer,A.E.R.O.,75
Peaky Boardgamer,How to play Cat in the Box board game - Full teach + Visuals - Peaky Boardgamer,A.E.R.O.,75
Peaky Boardgamer,How to play First Rat board game - Full teach + Visuals - Peaky Boardgamer,A.E.R.O.,75
Peaky Boardgamer,How to play Age of Innovation board game - Full teach + Visuals - Peaky Boardgamer,Get on Board,75
Peaky Boardgamer,First Rat -1 minute Overview - Peaky Boardgamer,A.E.R.O.,75
Peaky Boardgamer,How to play Alpenglow board game - Full teach + Visuals - Peaky Boardgamer,A.E.R.O.,75
Peaky Boardgamer,Alpenglow -1 minute Overview - Peaky Boardgamer,A.E.R.O.,75
Peaky Boardgamer,Age of Rome -1 minute Overview - Peaky Boardgamer,A.E.R.O.,75
Peaky Boardgamer,DeepSix -1 minute Overview - Peaky Boardgamer,A.E.R.O.,75
Peaky Boardgamer,How to play Sleeping Gods board game - Full teach + Visuals - Peaky Boardgamer,Get on Board,75
